安全分析,结构动力,振动分析,故障智能,机器人网络,阻抗技术,视频编码,云计算平台,检测算法,激光焊接,线性矩阵,光子晶体,转录调控,治疗超声,汉语课堂,全球变暖,金属离子,考试翻译,译本分析,蛋白表达,水库系统,抗原抗体,公司利益,文化企业,中国特色社会主义文化,睡眠质量,检测系统,,传播策略
图计算,理论模型,项目控制,气体控制,网络模型,优化法,安全攻击,预测分析,测试算法,复合结构,风险模型,调控效应,基因测序,肿瘤模型,动词性,冰期预测,聚合物材料,叙事理论,文本翻译,酶活性,硝化电子,肿瘤抗原,法律保护,电影传播,共享发展理念,转换功能,优化算法,,受众研究
深度学习,耦合分析 ,控制方法,管理优化,系统模型,测量特性,攻击检测,预测模型,柔性mems,焊接热,结构优化,表面结构,假单胞菌,肿瘤细胞,汉语教材,,有机材料,译本分析,中国政治,植物微生物,有机污染物降解,抗体结构,责任制度,市场分析,中国发展,行走锻炼,驱动移动,,形象传播
网络数据,结构优化 ,结构优化,功率优化,估计网络,检测机器人,云计算,移动测试,传感器网络,金属基,风险指数法,表面态,蛋白质蛋白质,血管增强,汉语教学,,荧光聚合物,中国政治,考试翻译,土壤酶活性,水氧化,分子药物,协议制度,网络社交媒体,治理政策,体力活动,,,营销传播
数据预测,系统性能,力优化,负荷优化,视觉目标检测,技术分析,风险评估,管理服务,数字检测,组织结构,图模型,结构调控,信号分子,模态分子,语义特征,,金属催化剂,话语意义,叙事理论,代谢酶,微生物降解,结构控制,法律制度,媒介传播,治理理念,,,,国际工业
网络特征学习,优化系统 ,,功率控制,学习算法,测量系统,安全风险,移动云平台,柔性微,表面模型,,金属光学,细胞转录,肿瘤分割,文化教学,,还原催化剂,文本翻译,话语意义,生物活性,污泥降解,质量分析,,,知识传播,,,,广告传播
深度神经网络,动力性能,,直流故障,学习预测控制,阻抗法,神经网络模型,云计算,,热管理材料,,光学晶体,调控基因,模态成像,,,,,,代谢酶基因,水处理,,,,,,,,
神经网络模型,结构性能 ,,,,机器人控制,,信息模型,,,,表面等离子体,分子调控,模态图像,,,,,,菌酶,氧化还原,,,,,,,,
内存管理,,,,,,,,,,,激光等离子体电子,,超声图像,,,,,,土壤微生物,,,,,,,,,
适应学习,,,,,,,,,,,偏振激光,,,,,,,,,,,,,,,,,
图算法,,,,,,,,,,,脉冲激光,,,,,,,,,,,,,,,,,
内存计算,,,,,,,,,,,激光等离子体,,,,,,,,,,,,,,,,,
适应算法,,,,,,,,,,,激光脉冲时间,,,,,,,,,,,,,,,,,
特征学习,,,,,,,,,,,,,,,,,,,,,,,,,,,,
特征识别,,,,,,,,,,,,,,,,,,,,,,,,,,,,
